Model;BatchSize;Epochs;LearningRate;LookBackWindowSize;MAE;RMSE;F1-Score;Width
recurrent_regression_net;30;10;0.001;5;0.01418182787564759;0.019634507868346824;0.43775804186112516;larger
recurrent_regression_net;30;10;0.001;10;0.01402285868612872;0.01909469680513692;0.4768980520157402;larger
recurrent_regression_net;30;10;0.001;20;0.013651895336747624;0.01851165961695385;0.5262165883288848;larger
recurrent_regression_net;30;10;0.001;22;0.015184632618916762;0.021043472898630955;0.3181409426479407;larger
recurrent_regression_net;30;10;0.001;25;0.016206452341907956;0.021513696740998206;0.42420039466507065;larger
recurrent_regression_net;30;10;0.001;30;0.014483980588013591;0.019832353668722647;0.4901134653700117;larger
recurrent_regression_net;30;10;0.001;65;0.013824913639247684;0.019032229512117332;0.4364940382570397;larger
recurrent_regression_net;30;10;0.001;260;0.013806027178396478;0.018886635623850775;0.541343822225341;larger
recurrent_regression_net;30;10;0.001;520;0.013625573884518549;0.018481233980598914;0.510735726305232;larger