Model;BatchSize;Epochs;LearningRate;LookBackWindowSize;RMSE;PredictiveScore
simple_regression_net;20;10;0.001;25;0.019728615111411066;0.471381419662167
simple_regression_net;30;10;0.001;25;0.02075427548802075;0.4825901798176737
simple_regression_net;50;10;0.001;25;0.0200075245085701;0.4801765219009972
simple_regression_net;100;10;0.001;25;0.017158229837465674;0.48444299160747917
simple_regression_net;120;10;0.001;25;0.017837832180920603;0.4954861500097062
