Model;BatchSize;Epochs;LearningRate;LookBackWindowSize;RMSE;PredictiveScore
simple_regression_net;100;10;0.001;5;0.01860535610435568;0.49672072882886253
simple_regression_net;100;10;0.001;25;0.017604775818650664;0.4973212619898117
simple_regression_net;100;10;0.001;65;0.01744817427067149;0.4757070506849583
simple_regression_net;100;10;0.001;260;0.019638213000213418;0.484542491502549
